Team,Winrate,Season
BOS,0.78,23_24
OKC,0.695,23_24
DEN,0.695,23_24
MIN,0.683,23_24
LAC,0.622,23_24
NYK,0.61,23_24
DAL,0.61,23_24
MIL,0.598,23_24
PHO,0.598,23_24
NOP,0.598,23_24
CLE,0.585,23_24
LAL,0.573,23_24
PHI,0.573,23_24
ORL,0.573,23_24
IND,0.573,23_24
SAC,0.561,23_24
MIA,0.561,23_24
GSW,0.561,23_24
HOU,0.5,23_24
CHI,0.476,23_24
ATL,0.439,23_24
BRK,0.39,23_24
UTA,0.378,23_24
MEM,0.329,23_24
TOR,0.305,23_24
SAS,0.268,23_24
CHO,0.256,23_24
POR,0.256,23_24
WAS,0.183,23_24
DET,0.171,23_24
